"id","title","authors","date","days_ago","abstract","journal","pdf_url","openalex_pdf","europepmc_pdf","source","pdf_ok","pdf_blocked","pdf_file","pdf_mb","pdf_source"
"W7125704203","An Analysis Study of <scp> <i>Celastrus orbiculatus</i> </scp> Fruits ( <i>Beihehuan</i> ) for Insomnia Treatment and Potential Replacement for <scp> <i>Albizia julibrissin</i> </scp> Flowers ( <i>Hehuanhua</i> )","Changshui Yang; Lu Xue Song; Fengcheng Zhang; Xiaoxiao Duan; Ziqing Ma; Jingcheng Qian; Yanyan Zhang","2026-01-26",24,"ABSTRACT Celastrus orbiculatus fruits as Beihehuan ( BHH ) in Chinese are used as an alternative to Albizia julibrissin flowers ( Hehuanhua ) for insomnia treatment in North of China. Both of them perhaps contain similar material foundations with common components, making them highly worthy of systematic analysis of the ingredients and related pharmacological mechanisms. In this study, the components in BHH were comprehensively analyzed by LC–MS/MS‐based molecular networking technology combined with literature reports, and important targets and core active ingredients in BHH that can treat insomnia were screened through network pharmacology and molecular docking analysis. Finally, a total of 136 components were annotated and summarized. BHH had flavonoids, fatty acids, and volatile oil as similar or the same component categories and structures as Hehuanhua , especially different categories of dihydro‐ β ‐agarofuran‐type sesquiterpenoids with similar functions. The screened top 10 KEGG pathways involved signal transduction related to neurotransmitters, hormones, and addictive substances, and the selected effective ingredients could play synergistic roles in inflammation regulation and neuroprotection. These results provide that BHH may be able to replace Hehuanhua in treating insomnia and other neurological disorders; modern research can provide the scientific connotation and basis for the proposed forward‐thinking TCM theory of “effect‐oriented source unification” and “heteroagent possessing homofunction.”",NA,"https://onlinelibrary.wiley.com/doi/pdfdirect/10.1002/bmc.70370","https://onlinelibrary.wiley.com/doi/pdfdirect/10.1002/bmc.70370",NA,"openalex",FALSE,FALSE,NA,NA,NA
"W7124287233","Utilization, user evaluation, and associated factors of Traditional Chinese Medicine techniques for insomnia symptoms among Chinese community-dwelling older adults: a cross-sectional study","Yun Mo; Li Hu; Xi Shen; Yi Zhang; Li Sx; Jiaxiu Peng; Yuping Long; Xiangrong Wu; Binbin Xu","2026-01-15",35,"Background Insomnia symptoms are common among older adults, and Traditional Chinese Medicine (TCM) techniques have shown benefits in relieving these symptoms. However, real-world evidence on their use, evaluation, and associated factors in community settings remains limited. This study aimed to describe TCM use and user evaluation for insomnia symptoms among community-dwelling older adults and to explore associated factors. Methods An exploratory cross-sectional survey was conducted from November 2024 to April 2025 in 15 communities in Changsha, China. Older adults (≥60 years) with clinically significant insomnia symptoms (Insomnia Severity Index ≥8) were recruited. Data were collected on TCM use, perceived satisfaction and effectiveness, and predisposing, enabling, and need-related factors based on the Andersen Behavioral Model. Logistic regression was used to identify associated factors. Results Among 311 participants, 51.1% reported using at least one TCM technique, most commonly tuina (71.1%) and moxibustion (69.8%). Satisfaction was generally high, though only 20.1–28.3% were “very satisfied” and 22.6% perceived the interventions as “highly effective.” Four factors were significantly associated with TCM use: pre-retirement occupation and awareness of TCM techniques (predisposing), having relatives or friends engaged in TCM-related industries (enabling), and insomnia severity (need). Conclusion This study provides preliminary evidence on the real-world use of TCM techniques for insomnia symptoms among community- dwelling older adults. More than half of participants reported using at least one TCM technique, yet only a minority rated the TCM services as “very satisfied” or “highly effective.” Pre-retirement occupation, awareness of TCM techniques, having relatives or friends working in TCM-related industries, and insomnia severity were associated with TCM technique use. These findings may inform the design of culturally sensitive interventions to manage insomnia symptoms among community-dwelling older adults in similar contexts. Future research should further examine implementation quality and ways to improve both utilization and user satisfaction.",NA,"https://public-pages-files-2025.frontiersin.org/journals/public-health/articles/10.3389/fpubh.2025.1746822/pdf",NA,NA,"openalex",TRUE,FALSE,"openalex_utilization_u_er_eva_w7124287233.pdf",0.33,"original"
"W7124313584","Comparative effectiveness of different acupuncture therapies for perimenopausal syndrome: a systematic review and network meta-analysis","Xiaoyan Yang; Fengya Zhu; Yue Zhong; Pengfei Liao; Qiang Ji; Siyun Li; Xia Feng; Yumiao Zheng; Qian Xue; G. Chen","2026-01-15",35,"Background: Perimenopausal women commonly suffer from symptoms like hot flashes, insomnia, and mood swings, impacting quality of life. While acupuncture is a widely used and effective non-pharmacological treatment, the relative efficacy of different acupuncture modalities remains unclear. This study aimed to compare the effects of various acupuncture approaches on perimenopausal symptoms through a network meta-analysis. Methods: A comprehensive literature search was conducted in PubMed, Embase, Cochrane Library, Web of Science, CNKI, Wanfang, CBM, and VIP databases for randomized controlled trials (RCTs) comparing acupuncture interventions for perimenopausal syndrome, with the search updated to June 27, 2025. Risk of bias was assessed using the Cochrane tool. Network meta-analysis was performed using Stata 15 and R version 4.3. Results: A total of 49 RCTs with 4,579 participants were included. Acupuncture combined with Western medicine (AWM) was most effective for hormone regulation. Acupuncture plus Chinese medicine (ACM) best improved traditional Chinese medicine (TCM) symptoms, while electroacupuncture combined with Western medicine (EAWM) was optimal for menopausal symptoms and depression. Electroacupuncture (EA) alone was most effective for anxiety, auricular plus body acupuncture (AAA) improved sleep the most, and moxibustion (M) showed the highest overall effectiveness. Conclusion: Various acupuncture modalities show beneficial effects on perimenopausal syndrome, particularly AWM, EAWM, EA, AAA, and M. These findings provide evidence-based guidance for individualized treatment selection, although further high-quality RCTs are warranted for validation. Systematic Review Registration: https://osf.io/search, identifier 10.17605/OSF.IO/3F2GJ. 1 Introduction Perimenopause refers to the transitional phase leading up to menopause and the first year following the cessation of menstruation (1). During this stage, declining ovarian function and fluctuating estrogen levels often lead to the development of perimenopausal syndrome (2). This syndrome commonly manifests through a variety of clinical symptoms, such as hot flashes, excessive sweating, urinary incontinence, joint and muscle pain, fatigue, sleep disturbances, vaginal dryness, sexual dysfunction, and sensations like formication (2, 3). As the condition progresses, it can markedly impair quality of life, contributing to increased emotional stress, social discomfort, and psychological distress (4, 5). According to a 2012 World Health Organization (WHO) projection, the global population of perimenopausal women is expected to reach 1.2 billion by 2030, with approximately 76% residing in low- and middle-income countries (6). The perimenopausal transition is characterized by endocrine fluctuations that precipitate a spectrum of physical and psychological disturbances (7), including vasomotor symptoms (hot flushes, palpitations, night sweats, and sleep disruption), genitourinary complaints (vaginal dryness or pruritus, sexual dysfunction, and urinary symptoms), mood disorders (depression, anxiety, and irritability), and abnormal uterine bleeding (8–12). These manifestations are associated with a substantial decline in quality of life, contributing to increased familial and societal burden (13, 14). Hormone replacement therapy (HRT) is currently regarded as the first-line treatment for perimenopausal syndrome, particularly for alleviating vasomotor symptoms, as endorsed by both international and regional clinical guidelines (15, 16). However, recent evidence indicates that HRT has been linked to an elevated risk of serious long-term adverse events, including endometrial cancer (17), breast cancer (18), stroke (19), and coronary artery disease (20). Acupuncture, a core component of traditional Chinese medicine (TCM), has been practiced in China for over 4,000 years (21) and is widely recognized for its therapeutic role in managing perimenopausal symptoms (22). It is considered one ... [Truncated/Content too long]",NA,NA,"https://doi.org/10.3389/fneur.2025.1696085",NA,"openalex",FALSE,FALSE,NA,NA,NA
"W7122632137","Insomnia treatment based on the regulation of the GABAergic system: traditional Chinese medicine perspectives and therapeutic approaches","Chen-zhe Cheng; Ming-zhen Xie; Yuan Tian; Wen-qi Qiao; Ze-yu Yu; Shiqing Wang; Feng Yun","2026-01-12",38,"Insomnia is a common clinical manifestation of central nervous system (CNS) dysfunction that may be attributable to the involvement of abnormalities in multiple systems. Dysfunction of the gamma-aminobutyric acid (GABA) system is one of the key pathologic factors responsible for the increased neural excitability. GABA has been regarded as the major inhibitory neurotransmitter in the CNS, which can maintain the dynamic balance of neural networks by regulating neuronal excitability. Traditional Chinese medicine (TCM), with its multi-component, multi-target therapeutic advantages, shows unique potential in regulating the GABAergic system to improve sleep disorders. Accordingly, this review systematically elucidated the underlying mechanisms of TCM in treating insomnia by regulating the GABAergic system. According to the results, the intervention pathways of TCM exhibited multidimensional characteristics. TCM could effectively enhance GABA levels, strengthen GABAergic neural signal transmission, and improve insomnia symptoms by activating GABA receptor expression, upregulating glutamic acid decarboxylase (GAD) expression, and inhibiting GABA transaminase (GABA-T) activity. Furthermore, TCM could regulate the function of the hypothalamic–pituitary–adrenal (HPA) axis, inhibit neuroinflammation, regulate circadian rhythms, and enhance neurotrophic mechanisms, thereby synergizing with the GABAergic system to exert a sedative and sleep-promoting effect. With a systematic elaboration of the mechanisms of the GABAergic system, findings in this study may provide a theoretical basis for establishing a TCM evaluation system for insomnia based on the modulation of the GABAergic system. It can also offer fresh insights into the diagnosis and treatment of insomnia from the perspective of TCM, expand new directions for clinical research, and supply potential reference for future in-depth studies. 1 Introduction Insomnia, also known as sleeplessness, is a common sleep disorder and mental illness clinically (Benca and Buysse, 2018). Patients with insomnia may usually experience difficulty falling asleep or maintaining sleep, accompanied by irritability and fatigue during waking hours. Primary insomnia refers to its independent presence as a mental illness. Secondary insomnia, on the other hand, often coexists with other underlying diseases, mental disorders, or iatrogenic factors as a concomitant symptom (Buysse, 2013; Fornaro et al., 2024). According to the first meta-analysis on the prevalence of insomnia among the general Chinese population conducted by Cao et al. (Cao et al., 2017) the prevalence rate reached 15%; and the combined prevalence was significantly lower in individuals with an average age ≥43.7 years compared to those aged <43.7 years, suggesting a trend toward younger onset of insomnia in China. Meanwhile, the America Insomnia Survey indicates that approximately 23.2% of the working population suffers from insomnia, and its incidence is on the rise in the United States (Dopheide, 2020). Insufficient sleep has been proven to be a risk factor for various diseases, such as hypertension (Fernandez-Mendoza et al., 2012), diabetes (Vgontzas et al., 2009), cardiovascular and cerebrovascular diseases (Nambiema et al., 2023; Gottesman et al., 2024), cancer (Shi et al., 2020), depression (Li et al., 2016), and anxiety disorders (Chellappa and Aeschbach, 2022), and also as a complication of several diseases such as respiratory system diseases (Bjornsdottir et al., 2020) and mental disorders (Hertenstein et al., 2022). For mental disorders (e.g., depression and anxiety), insomnia serves both as a risk factor and a secondary symptom, which is prone to form a vicious cycle in the affected individuals (Mirchandaney et al., 2022). Given the prevalence of insomnia and its impact on patients’ subjective well-being and physiological homeostasis, it is pivotal to treat and prevent insomnia effectively, thereby protecting the physical and mental healt... [Truncated/Content too long]",NA,NA,"https://doi.org/10.3389/fnins.2025.1670273",NA,"openalex",FALSE,FALSE,NA,NA,NA
"W7119055724","Auricular Acupressure for Insomnia in Patients with Decompensated Hepatitis B-Related Liver Cirrhosis: A Clinical Observation","Xiaotong Du; Jingfang Hu; Qi Feng; Shuang Liang; Shuhui Zhao; Feifei Liu","2026-01-06",44,"Objective This study aims to evaluate the efficacy and safety of auricular acupressure for insomnia in patients with decompensated hepatitis B-related liver cirrhosis (DHBV-LC). Methods This prospective randomized controlled trial enrolled 60 patients with DHBV-LC and comorbid insomnia between May 2023 and June 2024. The participants were randomly divided into two groups: a control group ( n = 30) receiving standard therapy and an intervention group ( n = 30) receiving standard therapy combined with auricular acupressure for a course of 4 weeks. The observed indicators included the Pittsburgh Sleep Quality Index (PSQI), the Insomnia Severity Index (ISI), traditional Chinese medicine (TCM) syndrome scores, clinical response rates, and adverse events. Independent-sample t -tests and chi-square ( χ ²) tests were used for statistical analysis. Results Both groups showed significant reductions in PSQI, ISI, and TCM syndrome scores compared with baseline ( P &lt; 0.05). The intervention group showed greater reductions in PSQI (3.51 ± 0.69 vs 2.62 ± 0.68; P &lt; 0.001), ISI (5.17 ± 1.05 vs 3.43 ± 1.27; P &lt; 0.001), and TCM syndrome (11.23 ± 1.17 vs 13.60 ± 1.19; P &lt; 0.001) scores. Clinical response rates were higher in the intervention group (86.7% vs 65.5%; P &lt; 0.05). No significant difference in adverse events was observed ( P &gt; 0.05). Conclusion Auricular acupressure can significantly improve sleep quality in patients with insomnia secondary to DHBV-LC with good safety and tolerability, making it a promising therapeutic approach worthy of wider clinical application.",NA,NA,NA,NA,"openalex",FALSE,FALSE,NA,NA,NA
"W7126031857","ZhiAn-GPT: An Explainable Language Model for Generating TCM Prescriptions for Insomnia","Qian Dai","2026-01-01",49,"",NA,NA,"https://doi.org/10.13140/rg.2.2.30280.79368",NA,"openalex",FALSE,FALSE,NA,NA,NA
"W7125414633","Discovery of the Underlying Mechanism of Ginger Juice Processed Ziziphi Spinosae Semen for Its Sedative‐Hypnotic Effect on Insomnia Mice via Regulation of HPA Axis and cAMP/PKA Signaling Pathway","Lintong Xie; Xia Zhang; Fangfang Xue; Yifei Gao; Jizhen Guo; Hui Zhu; Xiao Liu","2026-01-01",49,"ABSTRACT Based on Traditional Chinese Medicine (TCM) theory, the efficacy and mechanism of Ginger juice processed Ziziphi Spinosae Semen (GJPZSS) for treating insomnia, particularly stress‐related types, were investigated to provide empirical evidence. An insomnia model was induced in mice by DL‐4‐chlorophenylalanine (PCPA) and chronic tail clamping. The sedative effect was evaluated by behavioral tests. Serum components from GJPZSS were analyzed by UHPLC‐Q‐TOF‐MS/MS, and 64 potential targets were identified. The cAMP signaling pathway was enriched as the core pathway by Kyoto Encyclopedia of genes and genomes (KEGG) analysis and was validated by molecular docking. GJPZSS was demonstrated to prolong sleep time, reduce immobility time, increase 5‐hydroxytryptamine (5‐HT) and gamma‐aminobutyric acid (GABA) levels, decrease hypothalamic‐pituitary‐adrenal (HPA) axis levels, and suppress neuronal death. The reduction of the cyclic adenosine monophosphate (cAMP), protein kinase A (PKA), cAMP‐response element binding protein (CREB) and brain‐derived neurotrophic factor (BDNF) in the brain was also significantly inhibited. It was concluded that the sleep‐improving effect of GJPZSS was mediated through the regulation of the HPA axis and the cAMP/PKA/CREB/BDNF signaling pathway.",NA,NA,NA,NA,"openalex",FALSE,FALSE,NA,NA,NA
"W4417121703","Cost-effectiveness analysis of commercial Chinese polyherbal preparations for primary insomnia: based on network meta-analysis","Si-Hong Yang; Fanya Yu; Xinghua Xiang; Chuchuan Wan; Yu‐Meng Tan; Ning Ma; Yajing Li; Long Ge; Xing Liao; HuiYan Zhao","2025-12-08",73,"Objectives Building upon prior systematic reviews and network meta-analyses, this study evaluated the cost-effectiveness of four commercial Chinese polyherbal preparations (CCPPs)—Tian Meng Oral Liquid/Capsules (TM), Shen-Qi-Wu-Wei-Zi Tablets (SQWWZ), Wu Ling Capsules (WL), and Bai-Le-Mian Capsules (BLM)—for treating primary insomnia. Comparative findings informed clinical decision-making and health policy formulation. Methods A cost-effectiveness analysis was conducted from a healthcare system perspective. A patient disease course model was developed using systematic literature search and network meta-analysis combined with drug pricing data. Intervention strategies (monotherapy or combination therapy) were simulated to assess per-capita costs and health outcomes. Incremental cost-effectiveness ratios were calculated and compared against the willingness-to-pay threshold. Deterministic sensitivity analysis (DSA), Monte Carlo simulations for probabilistic sensitivity analysis and cost-effectiveness acceptability curves were used to test the overall stability and acceptable probability of the evaluation results. Results At a WTP threshold of ¥89,358.00 per quality-adjusted life year (QALY), the combination of TM and benzodiazepines (BZDs) ranked highest in terms of cost-effectiveness, followed by WL, BLM, and SQWWZ. When the WTP threshold exceeded ¥5,897.63 per QALY, the probability that TM + BZDs was more cost-effective than WL increased. Likewise, when the WTP threshold was above ¥19,658.76 per QALY, the probability that BLM was more cost-effective than SQWWZ became greater. Conclusion Within the 60-day time horizon of this analysis, TM + BZDs demonstrated optimal cost-effectiveness for primary insomnia from a healthcare system perspective, followed by WL and BLM. Limitations in data sources constrain the generalizability of findings. Future studies adopt a societal perspective and incorporate individual-level data over longer time horizons to validate and extend current results through more comprehensive cost-utility evaluations. Furthermore, research should focus on Traditional Chinese medicine (TCM)-specific health utility scales and informing equity-focused reimbursement policies to fully capture the value of CCPPs, thereby ultimately optimizing healthcare access and resource allocation.",NA,"https://public-pages-files-2025.frontiersin.org/journals/pharmacology/articles/10.3389/fphar.2025.1682173/pdf",NA,NA,"openalex",TRUE,FALSE,"openalex_co_t-effectivene_ana_w4417121703.pdf",2.28,"original"
"W7114926467","Supplementary file 1_Cost-effectiveness analysis of commercial Chinese polyherbal preparations for primary insomnia: based on network meta-analysis.docx","Sihong Yang (12977270); Fanya Yu (22804940); Xinghua Xiang (3621047); Chuchuan Wan (12410367); Yumeng Tan (19239127); Ning Ma (155058); Yajing Li (1394572); Long Ge (511458); Xing Liao (1921759); Hui Zhao (7395)","2025-12-08",73,"Objectives: Building upon prior systematic reviews and network meta-analyses, this study evaluated the cost-effectiveness of four commercial Chinese polyherbal preparations (CCPPs)—Tian Meng Oral Liquid/Capsules (TM), Shen-Qi-Wu-Wei-Zi Tablets (SQWWZ), Wu Ling Capsules (WL), and Bai-Le-Mian Capsules (BLM)—for treating primary insomnia. Comparative findings informed clinical decision-making and health policy formulation. Methods: A cost-effectiveness analysis was conducted from a healthcare system perspective. A patient disease course model was developed using systematic literature search and network meta-analysis combined with drug pricing data. Intervention strategies (monotherapy or combination therapy) were simulated to assess per-capita costs and health outcomes. Incremental cost-effectiveness ratios were calculated and compared against the willingness-to-pay threshold. Deterministic sensitivity analysis (DSA), Monte Carlo simulations for probabilistic sensitivity analysis and cost-effectiveness acceptability curves were used to test the overall stability and acceptable probability of the evaluation results. Results: At a WTP threshold of ¥89,358.00 per quality-adjusted life year (QALY), the combination of TM and benzodiazepines (BZDs) ranked highest in terms of cost-effectiveness, followed by WL, BLM, and SQWWZ. When the WTP threshold exceeded ¥5,897.63 per QALY, the probability that TM + BZDs was more cost-effective than WL increased. Likewise, when the WTP threshold was above ¥19,658.76 per QALY, the probability that BLM was more cost-effective than SQWWZ became greater. Conclusion: Within the 60-day time horizon of this analysis, TM + BZDs demonstrated optimal cost-effectiveness for primary insomnia from a healthcare system perspective, followed by WL and BLM. Limitations in data sources constrain the generalizability of findings. Future studies adopt a societal perspective and incorporate individual-level data over longer time horizons to validate and extend current results through more comprehensive cost-utility evaluations. Furthermore, research should focus on Traditional Chinese medicine (TCM)-specific health utility scales and informing equity-focused reimbursement policies to fully capture the value of CCPPs, thereby ultimately optimizing healthcare access and resource allocation. 1 Introduction Insomnia is a prevalent sleep disorder. Primary insomnia (PI) is defined as a chronic condition lasting at least 3 months, marked by persistent sleep disturbances in the absence of underlying medical or psychiatric disorders (Sateia, 2014). PI is often attributed to intrinsic dysregulation of sleep mechanisms or abnormal cognitive-behavioral patterns, including neurotransmitter imbalances (e.g., serotonin, GABA), functional abnormalities in key brain regions (e.g., prefrontal cortex, hippocampus, thalamus), and disrupted functional connectivity within brain networks. Beyond reducing quality of life, PI is associated with an increased risk of comorbidities, such as anxiety, depression, hypertension, and cardiovascular diseases (Ge et al., 2019; Riemann et al., 2023). Epidemiological studies revealed that approximately 30%–36% of adults reported at least one nocturnal insomnia symptom (Morin and Jarrin, 2022), with 40% progressing to chronic insomnia (K Pavlova and Latreille, 2019) and nearly half of severe cases enduring for over a decade. Chronic insomnia incurs substantial economic burdens, including direct medical costs (e.g., medications, therapies) and indirect societal costs (e.g., productivity decline, accident risks) (Morin and Jarrin, 2022). Pharmacotherapy remains the mainstay of treatment for primary insomnia, particularly in regions with limited access to cognitive behavioral therapy for insomnia (CBT-I) (Morin and Buysse, 2024; Riemann et al., 2023). This encompasses both conventional synthetic drugs and standardized herbal medicines. Common conventional pharmacological agents include BZDs, selective benzodia... [Truncated/Content too long]",NA,NA,NA,NA,"openalex",FALSE,FALSE,NA,NA,NA
"W7108329501","Acupuncture and Traditional Chinese Medicine in Surf Sports: Case Series on Recovery, Performance, and Chronic Conditions","Gomes, Ana; Lourenço, Inês; Fonseca, Marta Arbona; Bernardo, Marta","2025-12-02",79,"Acupuncture, rooted in Traditional Chinese Medicine (TCM), has been practiced for millennia to treat a variety of conditions, including pain, inflammation, anxiety, insomnia, and other chronic disorders. In recent decades, it has gained increasing recognition within integrative medicine for its role in enhancing physical recovery, regulating autonomic function, and promoting overall well-being. In the context of sports, and particularly in surfing (a discipline marked by intense physical demand and environmental exposure), acupuncture offers potential benefits such as improved muscle recovery, reduced fatigue, relief of musculoskeletal tension, enhanced circula-tion, and improved flexibility, balance, and endurance. It may also contribute to emotional reg-ulation, energy support, and the mitigation of chronic conditions that could compromise athletic performance. This exploratory and descriptive case series investigates whether individualized acupuncture treatment, combined with other TCM modalities such as herbal medicine, Tui Na massage, and dietetic therapy, can support recovery, prevent symptom recurrence, and optimize resilience in surf athletes. A brief review of recent literature supports the relevance of acupuncture in muscu-loskeletal and neurovegetative regulation; however, evidence specific to surf athletes remains scarce.The clinical cases presented demonstrate that acupuncture, when tailored to the athlete’s consti-tution and sport-specific demands, may lead to significant improvements in physical recovery, emotional balance, and overall vitality. These findings support the integration of acupuncture as a safe, adaptable, and cost-effective strategy within holistic athlete care, particularly in sports involving environmental stress and high physical load, such as surfing.",NA,NA,"https://doi.org/10.5281/zenodo.17792548",NA,"openalex",FALSE,FALSE,NA,NA,NA
"W7108318780","Acupuncture and Traditional Chinese Medicine in Surf Sports: Case Series on Recovery, Performance, and Chronic Conditions","Gomes, Ana; Lourenço, Inês; Fonseca, Marta Arbona; Bernardo, Marta","2025-12-02",79,"Acupuncture, rooted in Traditional Chinese Medicine (TCM), has been practiced for millennia to treat a variety of conditions, including pain, inflammation, anxiety, insomnia, and other chronic disorders. In recent decades, it has gained increasing recognition within integrative medicine for its role in enhancing physical recovery, regulating autonomic function, and promoting overall well-being. In the context of sports, and particularly in surfing (a discipline marked by intense physical demand and environmental exposure), acupuncture offers potential benefits such as improved muscle recovery, reduced fatigue, relief of musculoskeletal tension, enhanced circula-tion, and improved flexibility, balance, and endurance. It may also contribute to emotional reg-ulation, energy support, and the mitigation of chronic conditions that could compromise athletic performance. This exploratory and descriptive case series investigates whether individualized acupuncture treatment, combined with other TCM modalities such as herbal medicine, Tui Na massage, and dietetic therapy, can support recovery, prevent symptom recurrence, and optimize resilience in surf athletes. A brief review of recent literature supports the relevance of acupuncture in muscu-loskeletal and neurovegetative regulation; however, evidence specific to surf athletes remains scarce.The clinical cases presented demonstrate that acupuncture, when tailored to the athlete’s consti-tution and sport-specific demands, may lead to significant improvements in physical recovery, emotional balance, and overall vitality. These findings support the integration of acupuncture as a safe, adaptable, and cost-effective strategy within holistic athlete care, particularly in sports involving environmental stress and high physical load, such as surfing.",NA,NA,"https://doi.org/10.5281/zenodo.17792547",NA,"openalex",FALSE,FALSE,NA,NA,NA
"W7114932367","Time-resolved colored petri net modeling of the eight extraordinary vessels in acupuncture","Quan Gan; Qi-Wei Ge; Zhengyang Qiu; Haoran Niu; Chuanxia Liu; Chen Li","2025-12-01",80,"Abstract Background Acupuncture, a core therapy in Traditional Chinese Medicine (TCM), regulates physiological balance through intricate interactions along the meridian system. The Eight Extraordinary Vessels (EEVs) play a central role in redistributing Qi, Blood, and Body Fluids (QBF); however, many existing computational models overlook the physiological influence of acupuncture system and fail to incorporate its inherent time-scale regulatory mechanisms, thereby constraining the advancement of quantitative evaluation of acupuncture efficacy. Methods We developed a time-resolved Colored Petri Net (CPN) framework that formalizes both the structural and dynamic aspects of acupuncture. The model integrates three key modules: (i) acupoint-meridian-organ coupling, encoding stimulation signals as tokenized inputs propagating through meridians; (ii) EEV-mediated transport, representing auxiliary QBF redistribution channels for systemic regulation; and (iii) dual-timescale drivers, capturing both session-level (characterized by latent, rising, peak, and waning phases within each 20–30 min treatment) and course-level (accumulate and attenuate effects over 10–15 days) to reproduce progressive therapeutic consolidation. Results In a Parkinson’s disease-related insomnia case, the model simulated the acupuncture treatment process and reproduced organ recovery to healthy levels by Days 3–4, consistent with reported clinical timelines. The ablation study confirmed the essential roles of the EEV and dual-timescale modules, as removing either component led to slower convergence or loss of stability. In extended simulations, a duration sweep ranging from 1 to 15 days identified Day 7 as the optimal treatment window, effectively balancing therapeutic efficacy and patient burden. Conclusion This study presents a quantitative CPN framework that integrates EEV-mediated regulation and dual-scale temporal dynamics in acupuncture. The model enhances interpretability by establishing a transparent mapping from clinical prescriptions to computationally derived organ-state trajectories. By providing a reproducible, quantitative, and testable framework, it advances the evidence-based modernization of acupuncture and lays the groundwork for broader computational approaches to investigate complex therapeutic mechanisms.",NA,"https://academic.oup.com/bib/article-pdf/26/Supplement_1/i34/65854368/bbaf631.056.pdf","https://academic.oup.com/bib/article-pdf/26/Supplement_1/i34/65854368/bbaf631.056.pdf",NA,"openalex",FALSE,FALSE,NA,NA,NA
"W4417334712","Unravelling the Silence: Exploring Tinnitus Pathophysiology and the Promise of Traditional Chinese Medicine","Qingchang Xing; Yueying Jiang; Dongye Xu; Z. L. Hou; Jichao Xu","2025-12-01",80,"Tinnitus is a prevalent condition often associated with hearing loss. Tinnitus may persist throughout an individual's life and can result in a range of negative outcomes, including annoyance, anxiety, depression, insomnia, heightened auditory sensitivity, difficulties with concentration, and, in severe cases, suicidal ideation. Although not all individuals experiencing tinnitus require medical intervention, approximately 20% of them pursue clinical assistance. In addition to lidocaine, no pharmacological agents have demonstrated sustained efficacy in the management of tinnitus. Traditional Chinese Medicine (TCM) has shown promise for alleviating tinnitus. Consequently, this review aimed to synthesize the latest findings from both animal and clinical studies, while also examining the potential for comprehensive treatment approaches for tinnitus using TCM based on the understanding of its pathophysiology and neuroimaging mechanisms.",NA,"https://www.dovepress.com/article/download/109977",NA,NA,"openalex",TRUE,FALSE,"openalex_unravelling_the_sile_w4417334712.pdf",3.54,"original"
"W7109729310","Exploring the Causal Relationship between Circadian Rhythm Disorders and Lung Cancer and Potential Interventional Traditional Chinese Medicine","XIAO Junjie, HE Jiawei, ZENG Xiao, XIANG Hongxia, LEI Mao, ZHENG Ruyi, ZHENG Chuan, REN Yifeng, YOU Fengming, FU Xi, MA Qiong","2025-12-01",80,"Background Lung cancer is a leading cause of morbidity and mortality, making its prevention and treatment a key focus of research. Circadian rhythm disruption (CRD) is considered an important risk factor for lung cancer, but the causal relationship between CRD and lung cancer remains unclear. Objective To investigate the causal relationship and potential mechanisms between circadian rhythm disruption and lung cancer risk, and to predict potential Traditional Chinese Medicine (TCM) interventions. Methods GWAS data on daytime napping, daytime sleepiness, short and long sleep duration, chronotype, insomnia, and early waking were obtained from UK Biobank and other sources, while lung cancer-related data, including overall lung cancer, lung adenocarcinoma (LUAD) , lung squamous cell carcinoma (LUSC) , and small cell lung cancer (SCLC) , were collected from the IEU Open GWAS database. Mendelian randomization (MR) analysis was conducted using the inverse-variance weighted (IVW) method to evaluate the causal relationship between circadian rhythm disruption and lung cancer, with supplementary methods used to confirm result robustness. Core genes were identified through SNPs localization and PPI network analysis, followed by functional enrichment and survival analysis. Core genes were then uploaded to the Coremine database to identify TCMs with potential intervention effects. The properties, flavors, meridian tropism, and efficacy of the TCMs were cataloged. Core TCMs were then selected, and their key components were obtained from the TCMSP and BATMAN-TCM databases. Molecular docking was used to validate the binding ability of the key components of the core TCMs to the core genes. Results Insomnia (OR=1.149, 95%CI=1.074-1.232, P=0.013) and short sleep duration (OR=1.462, 95%CI=1.033-2.061, P=0.031) showed a causal relationship with lung cancer. Insomnia (OR=1.181, 95%CI=1.061-1.322, P=0.001) , short sleep duration (OR=1.563, 95%CI=1.024-2.401, P=0.038) , and daytime sleepiness (OR=4.033, 95%CI=1.062-15.434, P=0.042) were causally linked to LUAD, while insomnia (OR=1.152, 95%CI=1.028-1.281, P=0.001) was linked to LUSC and short sleep duration (OR=1.952, 95%CI=1.120-3.383, P=0.017) to SCLC. A total of 139 core genes were identified, enriched in pathways such as GPCR, MAPK, and PI3K/Akt. The top five core genes included EP300, GAPDH, GNB1, GNG13, and TNF. EP300 expression correlated positively with survival in LUAD, LUSC, and SCLC patients (P&lt;0.05) . GNB1 expression negatively correlated with survival in LUAD patients but positively with survival in SCLC patients (P&lt;0.05) . GAPDH, GNG13, and TNF expressions negatively correlated with survival in LUAD patients (P&lt;0.05) . Forty TCMs, including Shui Niu Jiao, Dan Shen, Yu Nao Shi, Huang Qin, Yu Jin, Huang Qi, Ling Zhi, and Ren Shen were predicted and screened, with sweet flavor being predominant, followed by bitter and pungent, and cold nature being dominant, followed by warm and neutral. The TCMs mainly targeted the liver, spleen, lungs, stomach, heart, and kidney meridians, with functions focused on tonifying qi, promoting blood circulation, and clearing heat and toxins. Eight key herbs (Shui Niu Jiao, Dan Shen, San Qi, Huang Qin, Yu Jin, Jiang Huang, Yu Mi Xu, Ling Zhi) showed excellent molecular docking affinity (binding energy&lt;-4 kcal/mol) with core target genes. Conclusion The findings suggest a causal relationship between circadian rhythm disruption and lung cancer, with potential mechanisms involving pathways such as GPCR, MAPK, and PI3K/Akt. The predicted TCMs offer new insights for using Chinese medicine to regulate circadian rhythms and prevent lung cancer.",NA,NA,"https://doaj.org/article/aae33910a9974680a488a720a35f4892",NA,"openalex",FALSE,FALSE,NA,NA,NA
"W4416807174","Mechanism of Action and Clinical Research Progress of Gastrodia and Uncaria Decoction in Treating Hypertension","Yixiao Wang; Qi Zhang","2025-11-28",83,"Hypertension, a major global public health issue, affects 27.9% of adults in China, with approximately 245 million patients. However, treatment and control rates stand at only 45.8% and 16.8%, respectively, indicating a significant “diagnosis and treatment gap.” While modern Western drugs form the cornerstone of antihypertensive therapy, their single-target mechanisms often induce residual symptoms like dizziness and headaches, along with long-term side effects, and provide insufficient protection for target organs. Against this backdrop, the unique advantages of Traditional Chinese Medicine (TCM)—its holistic regulation and multi-target interventions — become increasingly prominent. As a classical formula, Tianma Gou Teng Yin centers on calming liver yang and extinguishing wind, while also clearing heat, promoting blood circulation, and tonifying the liver and kidneys—aligning with the “excessive liver yang” pathogenesis of hypertension. This study systematically reviews the hypotensive mechanisms and clinical application progress of Tianma Gou Teng Yin through literature retrieval and analytical synthesis. Tianma Gou Teng Decoction regulates blood pressure through multiple synergistic pathways: First, it inhibits excessive activation of the renin-angiotensin-aldosterone system (RAAS), reducing levels of angiotensin II (Ang II) and aldosterone (ALD); Second, it modulates vascular endothelial function by upregulating nitric oxide (NO) and suppressing endothelin-1 (ET-1). Third, it inhibits inflammation mediated by the nuclear factor kappa-B (NF-κB) pathway while enhancing antioxidant enzyme activity, such as superoxide dismutase (SOD). Network pharmacology further reveals its “multi-component-multi-target-multi-pathway” characteristics. Components such as gastrodin and uncarin act on targets like AKT1 and CASP3 to regulate MAPK and PI3K-Akt signaling pathways. Combining Gastrodia and Uncaria Decoction with Western medications significantly enhances antihypertensive efficacy and alleviates symptoms like dizziness and insomnia without increasing adverse reaction risks. Its protective effects on target organs such as the heart and kidneys have also been validated: it delays left ventricular hypertrophy by inhibiting the renin-angiotensin-aldosterone system (RAAS) and reduces renal injury by lowering urinary microalbuminuria. However, current research still faces challenges including insufficient mechanistic depth, room for improvement in clinical evidence quality, and a lack of standardized formulations. Future efforts should include multicenter randomized controlled trials to optimize efficacy evaluation, integrate metabolomics and gut microbiota research to deepen mechanism analysis, and establish quality control standards for herbal materials. This study provides scientific basis for the clinical translation of Gastrodia and Uncaria Decoction and expands new perspectives for its application in complex disease management.",NA,NA,NA,NA,"openalex",FALSE,FALSE,NA,NA,NA
"W4416805485","Impacto Clínico da Acupuntura Abdominal como Técnica Central: Estudo de Série de Casos","Vera Lúcia Branco Quaresma","2025-11-28",83,"Abdominal acupuncture is a therapeutic microsystem based on the representation of the entire body in the abdomen, acting through the harmonization of the Zang-Fu organs, the modulation of Qi and Xue, and the action at the level of various body systems, which makes it especially relevant in the context of integrative medicine.This study aimed to analyze the immediate clinical effects of abdominal acupuncture in a series of clinical cases monitored in the context of a Traditional Chinese Medicine (TCM) clinical internship. Fourteen adult patients with heterogeneous complaints were included, including musculoskeletal pain, anxiety, insomnia, digestive disorders, menstrual changes, and sensory disturbances. All patients received individualized treatment, with abdominal acupuncture as the central technique.Clinical efficacy was assessed using the Numerical Rating Scale (NRS) and the Patient Global Impression of Change (PGIC) scale. The results showed an average reduction of 84.3% in the NRS immediately after the session. All participants showed an improvement of 30% or more, and 92.9% recorded a reduction of 50% or more. The average PGIC was 6, reflecting a high subjective perception of benefit.The ability of abdominal acupuncture to generate rapid clinical responses, with minimal invasiveness and multisystemic impact, reinforces its potential as a global and comprehensive intervention, consistent with the fundamental principles of medicine. Despite the limitations inherent in a series of cases, these results support the clinical value of abdominal acupuncture and suggest the need for controlled studies to further investigate its therapeutic impact.",NA,"https://submissoesrevistarcmos.com.br/rcmos/article/download/1751/4080",NA,NA,"openalex",TRUE,FALSE,"openalex_impacto_cl_inico_da__w4416805485.pdf",1.35,"original"
"W4416863181","Banxia Shumi decoction for the treatment of insomnia: A systematic review and meta-analysis","Fang Wang; Lifang Wei","2025-11-28",83,"Background: The efficacy of Banxia Shumi decoction (BSD) and its combination with Chinese medicine (acupuncture, formulas, etc) in treating insomnia remains controversial, with varying research conclusions. This study presents a systematic review and meta-analysis of its impact on insomnia. Methods: We conducted a comprehensive search of databases, including PubMed, Embase, Web of Science, and China National Knowledge Infrastructure. Studies meeting the criteria for the insomnia population, intervention, comparison, and outcome were independently screened and data extracted. Fixed- or random-effects models were used to calculate the standardized mean difference and 95% confidence interval (CI). Publication bias and research quality were evaluated to ensure reliability. Results: BSD was effective in treating method, as shown by improvements in clinical effective rate (risk ratio = 1.16, 95% CI: 1.10–1.23), Pittsburgh Sleep Quality Index (mean standard deviation [MD] = −3.22, 95% CI: −4.41 to − 2.03), Insomnia Severity Index (MD = −5.52, 95% CI: −6.29 to − 4.74), and Athens Insomnia Scale (MD = −1.62, 95% CI: −2.18 to − 1.06) were analyzed. According to the indicators, it has shown good effects in improving the symptoms of patients with insomnia. Compared to Western Medicine, the clinical efficacy of BSD + TCM (MD = 0.16, 95% CI: 0.08–0.24) was more significant than that of BSD alone. For primary insomnia, BSD was more effective (MD=−6.27, 95% CI: −6.43 to − 6.11, P &lt; .0001). Conclusion: Based on the clinical efficiency index, BSD can effectively improve sleep and quality of life in patients with insomnia, shorten sleep onset time, increase sleep time and efficiency, and alleviate sleep and daytime dysfunction. However, the results should be considered carefully owing to some methodological weaknesses, including study diversity. Future research should employ standardized methods in large-scale, multicenter, randomized controlled trials to confirm these findings.",NA,NA,"https://doi.org/10.1097/md.0000000000046207",NA,"openalex",FALSE,FALSE,NA,NA,NA
"W4416110918","Effects and safety of traditional Chinese medicine approaches in cancer symptom care: A systematic review of phase 3 randomized clinical trials","Mingxiao Yang; Linda L. D. Zhong; Rose Wai Yee Fok; Yan Yin Tjioe; Bo Siang Teo; Furong Zhang; Ting Bao","2025-11-11",100,"Abstract Cancer‐related symptoms are detrimental to the quality of life of people with cancer. This review systematically evaluates phase 3 randomized clinical trials (RCTs) assessing the effectiveness and safety of traditional Chinese medicine (TCM) interventions in managing cancer‐related symptoms throughout the cancer care trajectory. A comprehensive literature search was conducted of PubMed, Embase, and the Cochrane Library until April 27, 2025, to further identify eligible RCTs involving patients with cancer or survivors and assessing TCM interventions against valid control arms. Data extraction and quality assessments were conducted in accordance with Cochrane standards and Preferred Reporting Items for Systematic Reviews and Meta‐Analyses guidelines. Nineteen phase 3 RCTs involving 5387 participants (female, 3321; primarily breast, gastrointestinal, and lung cancers) from six countries or regions were included. Nonpharmacological interventions, namely acupuncture and Tai Chi, significantly reduced pain, fatigue, insomnia, radiation‐induced xerostomia, and hormonal therapy–related hot flashes compared to usual care (UC). Their effects on preventing chemotherapy‐ and radiotherapy‐induced nausea and vomiting were mixed, which depended on control arms and outcome measures. Conversely, evidence for pharmacological interventions was limited, with inconclusive results regarding chemotherapy‐induced peripheral neuropathy and hematologic toxicities, although promising outcomes were noted for preventing chemoradiotherapy‐induced mucositis, reducing colorectal adenoma recurrence, and enhancing chemotherapy completion rates compared to placebo or UC. Safety data suggested similar adverse event profiles across groups. These findings show strong evidence for the inclusion of nonpharmacological interventions in oncology practice. However, pharmacological interventions require more high‐quality, multicenter research to fully understand their effectiveness and safety. Implementing rigorous safety assessments and standardized adverse event reporting protocols is crucial to enhance clinical confidence in TCM modalities.",NA,NA,NA,NA,"openalex",FALSE,FALSE,NA,NA,NA
"W4415948459","Effectiveness of Five-Element Regulatory Therapy for post-COVID syndrome: a retrospective cohort study","Ning Ding; Yunqiao Zhou; Haolin Zhang; Xiyan Xin; Ye Yang; Dong Li","2025-11-06",105,"Introduction Post-COVID syndrome is characterized by persistent, unexplained symptoms including chronic cough, palpitations, insomnia, and fatigue that develop following SARS-CoV-2 infection without identifiable causes. Current treatments show limited efficacy, requiring alternative options. This study aims to observe the effectiveness of Five-Element Regulation Therapy (FERT), a Traditional Chinese medicine (TCM) intervention, in managing post-COVID syndrome. Methods A retrospective cohort study was conducted using clinical records of 127 post-COVID syndrome patients from the TCM outpatient department of Peking University Third Hospital. The participants were divided into two groups: 81 cases receiving FERT treatment were assigned to the exposure group, while 46 cases undergoing conventional TCM therapy served as the control group. The treatment duration was 2 weeks for both groups, followed by immediate follow-up. The outcomes included the clinical cure rate and clinical response rate at 2 weeks after the treatment initiation. Results The FERT group demonstrated superior clinical outcomes, achieving a 61.7% cure rate and 88.9% response rate, significantly higher than the control group’s 21.7% ( p &amp;lt; 0.001) and 67.4% ( p &amp;lt; 0.01), respectively. Conclusion This study provides preliminary evidence that FERT may be superior to conventional TCM therapy in managing post-COVID syndrome. Results should be interpreted with heightened caution due to the study’s inherent limitations.",NA,"https://public-pages-files-2025.frontiersin.org/journals/medicine/articles/10.3389/fmed.2025.1621948/pdf",NA,NA,"openalex",TRUE,FALSE,"openalex_effectivene_of_five-_w4415948459.pdf",0.72,"original"
"W7111210398","Table 1_Effectiveness of Five-Element Regulatory Therapy for post-COVID syndrome: a retrospective cohort study.docx","Ning Ding (456674); Yunqiao Zhou (12083201); Haolin Zhang (418208); Xiyan Xin (18000620); Yang Ye (175530); Dong Li (212687)","2025-11-06",105,"Introduction: Post-COVID syndrome is characterized by persistent, unexplained symptoms including chronic cough, palpitations, insomnia, and fatigue that develop following SARS-CoV-2 infection without identifiable causes. Current treatments show limited efficacy, requiring alternative options. This study aims to observe the effectiveness of Five-Element Regulation Therapy (FERT), a Traditional Chinese medicine (TCM) intervention, in managing post-COVID syndrome. Methods: A retrospective cohort study was conducted using clinical records of 127 post-COVID syndrome patients from the TCM outpatient department of Peking University Third Hospital. The participants were divided into two groups: 81 cases receiving FERT treatment were assigned to the exposure group, while 46 cases undergoing conventional TCM therapy served as the control group. The treatment duration was 2 weeks for both groups, followed by immediate follow-up. The outcomes included the clinical cure rate and clinical response rate at 2 weeks after the treatment initiation. Results: The FERT group demonstrated superior clinical outcomes, achieving a 61.7% cure rate and 88.9% response rate, significantly higher than the control group’s 21.7% (p < 0.001) and 67.4% (p < 0.01), respectively. Conclusion: This study provides preliminary evidence that FERT may be superior to conventional TCM therapy in managing post-COVID syndrome. Results should be interpreted with heightened caution due to the study’s inherent limitations. 1 Introduction While the global COVID-19 pandemic has been declared over, its various sequelae continue to afflict the physical and mental health of a large number of patients in China (1–6). A systematic review covered 194 studies and 735,006 participants found that the five most common symptoms of post-COVID infection were fatigue (28.4%), pain/discomfort (29.7%), sleep disturbances (23.5%), breathing difficulties (22.6%), and activity limitations (22.3%) (7). A recent large-scale study on COVID-19 sequelae provided a systematic definition of “long COVID” for the first time (8). The research found that approximately 10% of individuals develop long COVID after infection with the Omicron variant, with up to 12 different symptoms including fatigue, cough, palpitations, hair loss, loss of sense of smell and taste, brain fog, chest pain, and changes in libido. Current scientific understanding of long COVID suggests a complex, multi-system condition, with symptoms persisting for months or even years after the initial infection. The mechanisms remain incompletely understood but involve multiple interconnected pathways, including viral persistence (9), chronic inflammation (10), endothelial damage (11), mitochondrial (12), and autonomic nervous system dysregulation (13). Additionally, SARS-CoV-2’s broad tissue tropism via ACE2 receptors contributes to multi-organ damage, with cardiovascular, pulmonary, and metabolic sequelae being particularly prevalent (14). Emerging evidence also highlights the overlap with post-infectious syndromes, characterized by post-exertional malaise and unrefreshing sleep, with COVID-19 increasing the risk of post-infectious syndromes (15). Current treatments for long COVID being investigated in clinical trials include non-pharmacological interventions such as physical exercise, rehabilitation therapy, and behavioral therapy, as well as pharmacological therapies like herbs, Paxlovid, and fluvoxamine (16). Psychological interventions like “awe therapy” also demonstrate benefits in reducing depression and stress (17). However, targeted and clinically proven therapies remain limited, with most current approaches focusing primarily on symptom management rather than treating the root pathological mechanisms. Traditional Chinese Medicine (TCM) formulations including Shenhuang granule (18), JingYinGuBiao Formula (19), and Bufei Huoxue capsules (20) have demonstrated therapeutic potential in COVID-19 management within the Chinese clinical cont... [Truncated/Content too long]",NA,NA,NA,NA,"openalex",FALSE,FALSE,NA,NA,NA
"W4415926178","Exploring the Treatment of Insomnia in Traditional Chinese Medicine from the Perspective of Yin-Yang Deficiency and Excess","Zixian Zhou","2025-11-05",106,"This study aims to explore effective approaches and methods of treating insomnia in Traditional Chinese Medicine (TCM) through the theoretical framework of YinYang deficiency and excess. By conducting a comprehensive literature review, it systematically examines the intrinsic connection between the YinYang theory and insomnia, as well as the treatment strategies in TCM derived from this framework. In addition, clinical case analyses are employed to further verify the practical efficacy of these theoretical applications. The findings indicate that the YinYang deficiencyexcess theory plays a pivotal role in TCM approaches to insomnia. It not only provides a solid theoretical basis for syndrome differentiation and treatment but also demonstrates that therapeutic methods grounded in this theorysuch as herbal prescriptions, acupuncture, and massageyield remarkable clinical efficacy. These interventions offer safe and effective therapeutic options for patients with insomnia, highlighting the unique advantages and significant value of TCM in this field.",NA,NA,"https://doi.org/10.54254/2753-8818/2025.sh28985",NA,"openalex",FALSE,FALSE,NA,NA,NA
"W4415900495","Efficacy of fumigation with traditional Chinese medicine combined with Acanthopanax Senticosus injection in patients with sleep disorders","Hu Y; Xiaohua Guo; Yan Gao; Wenli Li; Jing Kang","2025-11-03",108,"Objective: To evaluate the efficacy of traditional Chinese medicine (TCM) fumigation and washing combined with Acanthopanax senticosus injection in patients with sleep disorders. Methodology: The clinical data total of 106 patients with sleep disorders treated at Yan’an Traditional Chinese Medicine Hospital from January 2023 to January 2025 were retrospectively analyzed. Patients were divided into two groups: the control group (n=51) received routine care with dexzopiclone; the study group (n=55) received additional TCM fumigation and Acanthopanax senticosus injection. Sleep quality was assessed using the Pittsburgh Sleep Quality Index (PSQI), sleep structure was monitored via polysomnography (PSG), and quality of life was evaluated using the GQOLI-74 scale. Safety indicators and adverse events were also recorded. Results: After the intervention, the study group showed significantly greater improvements in PSQI scores compared to the control group (P&lt;0.001). PSG parameters indicated fewer nocturnal arousals, shorter arousal time and sleep latency, and higher sleep efficiency in the study group (P&lt;0.05). Quality of life scores across physical, psychological, social, and mental domains also improved significantly more in the study group. No adverse events were reported during the study. Conclusions: TCM fumigation and washing combined with Acanthopanax senticosus injection may serve as an effective, well-tolerated, and non-invasive therapy for improving sleep quality and life quality in patients with sleep disorders. The therapy may be particularly beneficial for individuals with poor tolerance to hypnotic medications or stress-related insomnia. Further prospective randomized trials with longer follow-up are warranted to confirm long-term efficacy.",NA,"https://pjms.org.pk/index.php/pjms/article/download/12571/3051",NA,NA,"openalex",TRUE,FALSE,"openalex_efficacy_of_fumigati_w4415900495.pdf",0.37,"original"
"W4416737961","[Research on the anti-inflammatory effects of a novel sleep-aid decoction on elderly insomnia patients across traditional Chinese medicine constitutional types].","Zhen Wu; Zhangxing Bian; Ailin Chen; Qiuping Zhang; Jie Li; Zhou Hui; Hongying Zhu","2025-11-01",110,"Objective To evaluate the clinical efficacy of a novel sleep-aid decoction in treating elderly insomnia patients with different traditional Chinese medicine (TCM) constitutional types, and its effects on neurotransmitter and inflammatory factor levels. Methods A total of 200 patients with four different TCM constitutions-peaceful, Qi-deficient, Yin-deficient, and Yang-deficient-were recruited. Peripheral blood neurotransmitter and inflammatory factor levels were measured for variations among insomnia patients across different constitutions. These patients were treated using the novel sleep-aid decoction, the effects of which were evaluated based on changes in neurotransmitters and inflammatory factors. Results Compared to the peaceful constitution group, insomnia patients with Qi-deficient, Yin-deficient, and Yang-deficient constitutions exhibited significantly elevated baseline levels of neurotransmitters (5-HT, GABA) and inflammatory factors (IL-6, TNF-α, IL-1β, CRP). Following the treatment, the Qi-deficient and Yin-deficient groups showed a marked increase in 5-HT levels, restored balance of Glu, GABA, and melatonin, and significant reductions in IL-6 and TNF-α levels. The overall effective rate was 83.5%, with optimal efficacy observed in the Qi-deficient (97.72%) and Yin-deficient (95.34%) groups. Conclusion The novel sleep-aid decoction is effective in treating insomnia in elderly patients, with the best results observed in the Qi-deficient and Yin-deficient constitution groups.",NA,NA,NA,NA,"openalex",FALSE,FALSE,NA,NA,NA
"W7124371380","Effect of moxibustion combined with Chinese herbal compress therapy on sleep quality and negative emotion of insomnia patients","ZHOU Chen","2025-11-01",110,"ObjectiveTo investigate the effects of moxibustion combined with traditional Chinese medicine(TCM) herbal compress therapy on sleep quality and negative emotions in patients with insomnia.MethodsA total of 124 patients with insomnia admitted to our hospital from January 2020 to December 2022 were randomly divided into control group and study group, with 62 patients in each group.The control group received moxibustion therapy,while the study group received moxibustion therapy combined with TCM herbal compress therapy.The clinical total effective rate,sleep quality,negative emotions,serum levels of 5⁃hydroxytryptamine(5⁃HT),brain⁃derived neurotrophic factor(BDNF),glial cell line⁃derived neurotrophic factor(GDNF),and quality of life were compared between the two groups.ResultsThe clinical total effective rate was higher in the study group than that in the control group(95.16% <italic>vs.</italic> 82.26%).The study group had lower scores for sleep quality,anxiety,and depression,and higher serum levels of 5⁃HT,BDNF,and GDNF,as well as a higher quality of life,compared with the control group.The differences were statistically significant between the two groups(<italic>P</italic>&lt;0.05).ConclusionMoxibustion combined with TCM herbal compress therapy can improve sleep quality in patients with insomnia,increase the levels of neurotrophic factors,reduce anxiety and depression,and enhance quality of life.",NA,NA,"https://doaj.org/article/cceb5b8d5e0844d59584f813637c3c75",NA,"openalex",FALSE,FALSE,NA,NA,NA
"W7104430292","Task-Shifting from Acupuncturists to Nurses in Delivering Acupuncture/Acupressure or Supervising Patient Self-Administered Acupressure for Sleep Management: Is It Feasible?","Zhao FY; Zhang WJ; Chow CM; Lee YX; Xu P; Ho YS; Fu QQ; Conduit R","2025-11-01",110,"Fei-Yi Zhao,1– 4,&amp;ast; Wen-Jing Zhang,4,&amp;ast; Chin Moi Chow,3,5,&amp;ast; Yuan Xin Lee,4 Peijie Xu,6 Yuen-Shan Ho,7 Qiang-Qiang Fu,8 Russell Conduit2 1Department of Nursing, School of International Medical Technology, Shanghai Sanda University, Shanghai, 201209, People’s Republic of China; 2School of Health and Biomedical Sciences, RMIT University, Bundoora, VIC, 3083, Australia; 3Sydney School of Health Sciences, Faculty of Medicine and Health, The University of Sydney, Camperdown, NSW, 2050, Australia; 4Shanghai Municipal Hospital of Traditional Chinese Medicine, Shanghai University of Traditional Chinese Medicine, Shanghai, 200071, People’s Republic of China; 5Sleep Research Group, Charles Perkins Centre, The University of Sydney, Camperdown, NSW, 2050, Australia; 6School of Computing Technologies, RMIT University, Melbourne, VIC, 3000, Australia; 7School of Nursing, Faculty of Health and Social Sciences, The Hong Kong Polytechnic University, Hong Kong SAR, People’s Republic of China; 8Yangpu Hospital, School of Medicine, Tongji University, Shanghai, 200090, People’s Republic of China&amp;ast;These authors contributed equally to this workCorrespondence: Yuen-Shan Ho, School of Nursing, Faculty of Health and Social Sciences, The Hong Kong Polytechnic University, Hong Kong SAR, People’s Republic of China, Tel +852 2766-6410, Fax +852 2364-9663, Email janice.ys.ho@polyu.edu.hk Qiang-Qiang Fu, Yangpu Hospital, School of Medicine, Tongji University, Shanghai, 200090, People’s Republic of China, Tel + 86 021-6569 0520, Fax + 86 021-6569 6249, Email qiangqiang.fu@tongji.edu.cnAbstract: Acupuncture and acupressure are widely used for managing self-reported impaired sleep quality and duration. However, outside East Asia, access is often limited due to a shortage of trained acupuncturists and minimal reimbursement under national health insurance systems, leading to treatment discontinuation or inaccessibility driven by “Financial Toxicity.” This prompts a critical yet underexplored inquiry: can advanced practice nurses serve as alternative providers to deliver acupuncture/acupressure for managing these common sleep complaints, thereby improving accessibility, expanding treatment coverage, and lowering consultation costs? This comprehensive mini-review synthesizes current evidence to assess the feasibility of this promising and innovative acupuncturist-nurse task-shifting paradigm and outlines key preparatory steps for its pilot implementation.Keywords: traditional chinese medicine, TCM nursing, sleep disorder, sleep disturbance, insomnia, complementary and alternative medicine",NA,NA,"https://doaj.org/article/38ee1fa01f6248c898ee21eaffd7046a",NA,"openalex",FALSE,FALSE,NA,NA,NA
"W4415411812","Mechanism of Herbal Pairs Modulating Endogenous Melatonin to Ameliorate Sleep Disorders: Data Mining, Network Pharmacology andMeta-Analysis","Zhenwei Zhai; Jiyan Dai; Fanjing Kong; Zhishan Zhu; Jie Cai; Danni Xie; Sha Huang; Tao Jiang; Ying Xu; Tao Sun","2025-10-20",122,"Introduction: Sleep disorders (SD) affect approximately 25% of the global population. Traditional Chinese Medicine (TCM) formulas have been shown to alleviate SD by modulating endogenous melatonin. This study used data mining, network pharmacology, and meta-analysis to identify key herbal pairs from TCM formulas and the mechanism of action. Methods: Literature was retrieved from PubMed, Web of Science, Embase, Cochrane Library, CNKI, Wanfang Data Information Site, China Science and Technology Journal Database, and SinoMed. R was used for frequency and association rule analysis, SPSS for clustering, and Cytoscape, STRING, Gene Ontology, and KEGG enrichment analyses were utilized to explore targets, protein-protein interactions, and pathways. A meta-analysis using the Metan command was performed to assess the optimal herbal pairs for SD treatment. Results: Data mining identified 77 commonly used herbs, revealing four advantageous herbal pairs: PAEONIAE RADIX ALBA (PRA)-BUPLEURI RADIX (BR), COPTIDIS RHIZOMA (CR)- CINNAMOMI CORTEX (CC), PORIA (PA)-BUPLEURI RADIX (BR), and ZIZIPHI SPINOSAE SEMEN (ZSS)-MARGARITIFERA CONCHA (MC). Network pharmacology showed that (PRA-BR)-SD, (PA-BR)-SD, (CR-CC)-SD, and (ZSS-MC)-SD targeted CACNA1D, GRIN2A, AGT, and ATP1A1 via prion diseases, nicotine addiction, neuroactive ligand-receptor interaction, and cardiac muscle contraction pathways, respectively. Discussion: Research shows that CACNA1D could regulate Ca²⁷ inward flow, avoid mitochondrial dysfunction in prion diseases, and reduce ROS generation, thus indirectly maintaining MT levels and sleep. GRIN2A as an amygdala hub gene closely related to daily smoking, combining brain transcriptome analysis and tobacco consumption GWAS data. The sleep regulation mechanism of MT relies on the neuroactive ligand-receptor pathway. As a neuroactive ligand, MT triggers sleep-promoting physiological responses by activating the G-protein-coupled receptors MT1 and MT2 and transmitting “night” signals to the relevant neural networks. Insufficient MT secretion or circadian rhythm disruption might lead to abnormal blood pressure rhythms accompanied by sympathetic overactivation, increasing the risk of insomnia and cardiovascular disease. ATP1A1 is a key molecule in the maintenance of electrochemical gradients in cardiac myocytes through the modulation of the Na⁷/K⁷ homeostasis affects myocardial excitability, calcium kinetics, and contractile function. result: Data mining identified 77 commonly used herbs, revealing four advantageous herbal pairs: PAEONIAE RADIX ALBA (PRA)-BUPLEURI RADIX (BR), COPTIDIS RHIZOMA (CR)-CINNAMOMI CORTEX (CC), PORIA (PA)-BUPLEURI RADIX (BR), and ZIZIPHI SPINOSAE SEMEN (ZSS)-MARGARITIFERA CONCHA (MC). Network pharmacology showed that PRA-BR significant enrichment in ion transport regulation and prion disease pathways, target STAT3, EP300, and Catenin beta-1. PA-BR enrichment in membrane potential regulation and nicotine addiction pathways, with STAT3, EP300, and MAPK1. CR-CC notably in hormone response and neuroactive ligand-receptor interaction pathways, with AKT1, TP53, and IL-6. ZSS-MC enriched in organic cyclic compound response and myocardial contraction pathways, with ESR1, EP300, AKT1. Conclusion: Meta-analysis and network pharmacology suggest that the PA-BR pair might offer superior efficacy by modulating membrane potential and nicotine addiction pathways, targeting GRIN2A, GRIN1, GRIN3A, and GRIN2B to regulate melatonin levels.",NA,NA,NA,NA,"openalex",FALSE,FALSE,NA,NA,NA
"W4415460909","An Analysis of the Theory and Treatment of Insomnia in Wu Cheng’s Bu Ju Ji","Chengzhi Chu; Zheng Zhao","2025-10-16",126,"This paper conducts an in-depth analysis of the theory and methods for differentiating and treating insomnia in Bu Ju Ji by Wu Cheng, a physician of the Qing Dynasty. By systematically sorting out the origin of Wu Cheng’s academic thoughts, this study explores his unique perspective on differentiating and treating insomnia, analyzes the compatibility rules of his core formulas and herbs, and reveals the characteristics of his medication use as well as its guiding value for later clinical practice. Research shows that Wu Cheng integrated the principles of the I Ching (Book of Changes) with medical theories to construct a theoretical system for consumptive diseases. In the differentiation and treatment of insomnia, he emphasized the dynamic balance of zang-fu organs, Qi, blood, Yin and Yang, with special attention to the impact of spleen-Yin deficiency on insomnia. He thus formed distinctive academic features, including treating both deficiency and excess, taking into account both Qi and blood, and regulating the spleen to protect the body’s defense system. In terms of medication, he was skilled in using herbs that are sweet and warm in nature for tonification, harmonizing Qi and blood, and invigorating the spleen to nourish Yin. These insights hold significant reference value for modern TCM (Traditional Chinese Medicine) in the treatment of insomnia.",NA,NA,NA,NA,"openalex",FALSE,FALSE,NA,NA,NA
"W4415382428","Benzodiazepine Use Among Individuals with Opioid Use Disorder: A Narrative Review","Yue Liu; Qingxiao Hong; Xiaohu Xie; Wenwen Shen; Weisheng Chen; Huifen Liu; Wenhua Zhou","2025-10-01",141,"The concomitant use of benzodiazepines (BZDs) among individuals with opioid use disorder (OUD) is highly prevalent, with a rapid annual increase in overdose-related deaths. The co-use of BZDs is a significant predictor of opioid overdose. In the absence of other drugs, BZDs are rarely the sole cause of death. Prolonged BZD use frequently results in the rapid development of tolerance and dependence. A strong association has also been established between BZD misuse and depression. Moreover, chronic BZD exposure is linked to cognitive impairments, psychomotor disturbance, delirium, and an increased risk of falls, fractures, injuries, and traffic accidents. Outpatient clinicians should routinely screen for concurrent BZD use and exercise caution in prescribing. Timely interventions-including patient education, gradual discontinuation, psychological therapies, and skills-based training-are critical to mitigating harm and improving prognosis. In addition, Traditional Chinese Medicine(TCM), including herbal prescriptions and acupuncture, may serve as promising non-addictive alternatives for the management of anxiety, insomnia, and withdrawal-related symptoms. Strengthening multifaceted efforts will be crucial for reducing the burden of BZD use and improving treatment outcomes in OUD.",NA,"https://www.dovepress.com/article/download/108050",NA,NA,"openalex",TRUE,FALSE,"openalex_benzodiazepine_u_e_a_w4415382428.pdf",0.42,"original"
"W4415296973","Nursing of a patient with knee osteoarthritis complicated by insomnia treated with meridian-unblocking moxibustion combined with auricular acupressure","Qiukui Hao; Dan Xiao; Lei Wang","2025-09-28",144,"This paper summarizes the nursing measures for a patient with knee osteoarthritis complicated by insomnia treated with meridian-unblocking moxibustion combined with auricular acupressure. Guided by the holistic concept of Traditional Chinese Medicine (TCM) and syndrome differentiation-based nursing, meridian-unblocking moxibustion, auricular acupressure, and comprehensive nursing measures including daily life care, dietary regulation, and emotional nursing were carried out to promote the circulation of Qi and blood, and improve neurological function. The patient's clinical symptoms such as pain, limited joint mobility, and insomnia had been relieved after intervention. (本文总结循经通痹灸联合耳穴贴压治疗1例膝痹伴失眠患者的护理体会。以中医整体观念和辨证施护为指导, 采用循经通痹灸联合耳穴贴压, 并辅以生活起居护理、饮食调摄、情志调护等护理措施, 疏通经络气血, 调整神经功能。经干预, 患者膝关节疼痛、活动受限、失眠等临床症状明显改善。)",NA,NA,"https://doi.org/10.55111/j.issn2709-1961.20250807002",NA,"openalex",FALSE,FALSE,NA,NA,NA
"W4414295480","Traditional Chinese Medicine Constitution Characteristics and Influencing Factors for Acute Mountain Sickness Susceptibility in Rapidly Ascending High-Altitude Populations: A Cross-Sectional Survey","M. S. Long; Bo Liu; Chunping Tang; Jia Liu; Jing Cai; Ying Zhang; H. T. Li; Jing Lü; Wei Zheng; Jianshe Yang; Yue Chen; Xiaolong Gan; Zhengqi Pan; Chaowei Wang; Lin Wang; Pengcheng Zhu; Mengya Shan; Maoyuan Cheng; Yunqiao Wang; Zuhui Xu","2025-09-17",155,"<title>Abstract</title> <bold>Background:</bold> Acute Mountain Sickness(AMS) is a significant health concern for individuals rapidly ascending to high altitudes. In severe cases, the condition can develop into high-altitude pulmonary edema and high-altitude cerebral edema, which can have a significant impact on the quality of life of individuals entering Tibet and even pose a threat to their lives. The occurrence of AMS is closely related to factors such as altitude, the time of year of entry into Tibet, and individual activities. However, individual differences in the manifestation of AMS and the subsequent physiological responses are evident, with these responses varying among individuals of differing body types within the same environmental context. The Traditional Chinese Medical Constitution (TCMC) is a significant indicator of health status and may be associated with an increased propensity for plateau reactions. However, owing to a combination of environmental influences, subject demographics, and other factors, the current body of research related to AMS and TCMC is relativelylimited. <bold>Objective:</bold> To investigate AMS-susceptible TCMC types and key influencing factors in populations rapidly ascending to Tibet, providing evidence for TCM-based prevention and individualized AMS management. <bold>Methods:</bold> Thiscross-sectional study enrolled 1,482 eligible participants (healthy males aged 18--40 years who werenewly ascended to high altitude). Data collection included the following: 1) questionnaires(demographics, lifestyle, anxiety, insomnia); 2) physicalexaminations (vital signs: respiration, heart rate, SpO₂, blood pressure) and body mass index (BMI); 3) TCMC assessment viathe <italic>Classification and Determination of TCMC</italic> standard; and 4) AMS diagnosis and severity grading via the Lake Louise Score (LLS). Spearman correlation was used to analyze therelationships between variables. Multivariate logistic regression (backward stepwise, entry P&lt;0.25) identified independent AMS risk factors. <bold>Results:</bold> The overall incidence of AMS was 32.9% (488 out of 1482 cases). The prevalence of unbalanced constitutions was markedly greaterin the AMS group than in the non-AMS group (32.6% vs. 7.6%; χ² =161.8, P&lt;0.001). Amongpatients with AMS and an unbalanced constitutions, Qi-deficiency was the most prevalent, accounting for 78.0% of the cases. The incidence of AMS was observed to vary significantly according to different constitutions, with rates of 72.9% for Qi-deficiency and26.3%for a Balanced constitution. Univariate analysis revealed significant correlations (all P&lt;0.001): SpO₂ was negatively correlated with AMS (r=-0.231); Insomnia (r=0.272), Anxiety (r=0.297), Unbalanced constitution tendency (r = 0.333), Season (winter=1; r = 0.122), Altitude (r=0.157), and BMI (r=0.127) were positively correlated. Multivariate analysis revealed the following independent risk factors: Anxiety (aOR=1.16, 95% CI: 1.08–1.25, P&lt;0.001), Insomnia(aOR=1.09, 95% CI: 1.03–1.16, P=0.003), Unbalancedconstitution tendency (aOR=1.06, 95% CI: 1.02–1.10, P=0.002), and SpO₂ (aOR=0.91, 95% CI: 0.87–0.95, P&lt;0.001). BMI showed a weak positive association (aOR=1.02, 95% CI: 1.00–1.04;P=0.041). Season, altitude, and blood pressure lost significance after adjustment (P&gt;0.05). <bold>Conclusion:</bold> Qi-deficiency is the most common AMS-susceptible TCMC. Key modifiable risk factors include insomnia, anxiety, and low SpO₂. The influencesof season and altitude are mediated through physiological, psychological, and constitutional factors. These findings advocate for TCMC-differentiated prevention strategies for AMS. These strategies encompass preemptive qi-tonifying interventions for susceptible individuals, psychological support, and sleep optimization.",NA,"https://www.researchsquare.com/article/rs-7503938/latest.pdf",NA,NA,"openalex",TRUE,FALSE,"openalex_traditional_chine_e__w4414295480.pdf",2.44,"original"
"W4413854868","A Case of Postpartum Depression Treated by Bupleurum Decoction Combined with Yingwei Method","Xiaoling Lü; Xiaoli Liang; Shaoming Zhou; Honghua Liu","2025-08-27",176,"Objective: Based on the theory of """"liver depression and Ying Wei imbalance"""", to explore the clinical efficacy and syndrome differentiation of Bupleurum combined with harmonizing Ying Wei method in the treatment of postpartum depression (PPD). Methods: the diagnosis and treatment process of a 28 year old patient with liver stagnation and blood deficiency type of PPD was reported. The Hamilton Depression Scale (HAMD) score and TCM four diagnosis syndrome were used as evaluation indexes to record the prescription adjustment strategy and curative effect outcome of the first, second and third diagnosis. Results: the initial HAMD score of the patient was 20, accompanied by depression, irritability, chest distress, palpitation, anorexia, insomnia, constipation and other diseases. After three stages of syndrome differentiation and treatment, the HAMD score was reduced to 10 points, and the physical symptoms were significantly improved: self perspiration stopped, constipation cleared, sleep became safe, and there was no recurrence during follow-up. Conclusion: Bupleurum (soothing liver depression and resolving depression) combined with harmonizing Ying Wei method (Guizhi formula) can significantly improve the emotional disorder and physical symptoms of patients with PPD, which reflects the clinical value of the pathogenesis theory of """"liver depression and Ying Wei imbalance"""" in traditional Chinese medicine.",NA,"https://adwenpub.com/index.php/wjimt/article/download/764/745/785",NA,NA,"openalex",TRUE,FALSE,"openalex_a_ca_e_of_po_tpartum_w4413854868.pdf",0.27,"original"
"W4413683804","Mapping the research landscape of traditional Chinese medicine in insomnia management: a bibliometric study (2005–2024)","Chi Zhang; Xiaojie Yang; Jin Ye; Yin Cai; Hanxiao Zhang; Yong Fang; Liying Zhang; Shuhe Cai","2025-08-26",177,"Objective Traditional Chinese Medicine (TCM) has shown unique benefits in insomnia management, but existing bibliometric studies on TCM for insomnia remain fragmented. This study, through bibliometric methods, systematically maps the research landscape of TCM in insomnia management from 2005 to 2024, with the objective to explore research hotspots and developmental trends, thereby providing references for future studies. Methods This study retrieved English-language literature on the treatment of insomnia with Traditional Chinese Medicine from 2005 to 2024 in the Science Core Collection. The included literature was imported into CiteSpace, VOSviewer, and Bibliometrix R software packages to analyze annual publications, authors, countries/regions, institutions, journals, cited reference, and keywords, in order to explore the hotspots and trends in TCM treatment of insomnia. Results A total of 738 articles were included. The number of annual publications in this field increased rapidly from 2016 to 2021. China was the country with the highest number of publications, among which Shanghai University of Traditional Chinese Medicine, Beijing University of Chinese Medicine, and Guangzhou University of Chinese Medicine were the top three institutions in terms of publication volume. Yeung, Wing-fai from Hong Kong Polytechnic University was the author with the highest number of publications. Medicine published 74 articles, the highest number among all journals. Journal of Ethnopharmacology and Sleep were, respectively, the most frequently cited and co-cited journals. The main keywords included sleep, randomized controlled trial, traditional Chinese medicine, acupuncture, etc. The research hotspots mainly focused on acupuncture, chemical components, cancer-related insomnia, and depression-related insomnia. The research focus is transitioning from clinical efficacy to mechanism research, especially the study of the chemical components of traditional Chinese medicine through network pharmacology may be a future research trend. Moreover, this field is paying more attention to insomnia subtypes such as comorbid insomnia and secondary insomnia. Conclusion TCM treatment of insomnia is receiving increasing attention. It shows unique advantages in reducing drug dependence and managing comorbid insomnia. In the future, the evidence-based development of TCM should be promoted through mechanism research, multidisciplinary collaboration, stratified intervention, and the transformation of high-impact evidence, providing an integrated solution for global insomnia management.",NA,"https://www.frontiersin.org/journals/neurology/articles/10.3389/fneur.2025.1614948/pdf",NA,NA,"openalex",TRUE,FALSE,"openalex_mapping_the_re_earch_w4413683804.pdf",12.19,"original"
"W4413207699","Gas chromatography-mass spectrometry-based plasma metabolomics analysis in hypertensive patients with Yin deficiency and Yang hyperactivity syndrome","Dinala Jialiken; Jing Dai; Yadong Fan; Haitao Zhang; Jinjun Shan; Wei-Chen Xu; Chong Zou","2025-08-12",191,"BACKGROUND Hypertension is a significant global health concern and serves as a critical risk factor for cardiovascular diseases, stroke, and renal failure. Traditional Chinese Medicine (TCM) has been utilized for an extended period to address hypertension, with the syndrome known as Yin deficiency and Yang hyperactivity syndrome (YDYHS) frequently observed in individuals with elevated blood pressure. This syndrome is characterized by symptoms including dizziness, tinnitus, irritability, and insomnia, which are thought to result from an imbalance between Yin, representing the cooling and nourishing aspects, and Yang, denoting the active and warming aspects of the body. Despite the prevalent application of TCM in clinical settings, the metabolic mechanisms underlying the YDYHS in the context of hypertension remain inadequately elucidated. AIM To explore the differential plasma metabolites and associated pathways in hypertensive patients with YDYHS using gas chromatography-mass spectrometry (GC-MS) to elucidate the distinctive blood metabolite pattern in this patient population. METHODS GC-MS was used to analyze plasma samples from 51 hypertensive patients with YDYHS and 20 healthy controls. Chemometric methods, including principal component analysis and partial least squares discriminant analysis, were employed to identify potential biochemical patterns. Simultaneously, the high-quality Kyoto Encyclopedia of Genes and Genomes metabolic pathways database was used to identify associated metabolic pathways. Using variable importance in projection and receiver operating characteristic curve analyses, potential biomarkers were extracted to assess their clinical utility. RESULTS Metabolomic profiling of hypertensive patients with YDYHS identified 20 potential biomarkers (4-hydroxybenzoic acid, pectin, 1,2,3-trihydroxybenzene, D-ribose, 3-hydroxybutyric acid, quinic acid, L-lysine, oleic acid, 2-hydroxybutyric acid, linoleic acid, citric acid, alpha-tocopherol, D-glucuronic acid, glycerol, N-acetyl-L-aspartic acid, beta-mannosylglycerate, indolelactic acid, L-glutamic acid, D-maltose, L-aspartic acid) and four metabolic pathways (linoleic acid metabolism; alanine, aspartate and glutamate metabolism; D-glutamine and D-glutamate metabolism; arginine biosynthesis). The identified differential metabolites may serve as potential biomarkers for distinguishing hypertensive patients with YDYHS from healthy controls. The area under the curve values ranged from 0.750 to 0.866. Receiver operating characteristic curve analysis showed that these differential metabolites can effectively classify hypertensive patients with YDYHS and healthy individuals. CONCLUSION The metabolomic analysis revealed a distinct blood metabolite pattern in hypertensive patients with YDYHS compared to the healthy control group, highlighting the potential role of the identified 20 biomarkers and four metabolic pathways in these patients. These findings may serve as an important material basis for understanding the occurrence and development of the disease, providing a scientific foundation for future clinical diagnosis.",NA,NA,"https://doi.org/10.5493/wjem.v15.i3.103154",NA,"openalex",FALSE,FALSE,NA,NA,NA
"W4413134081","Zhi-zi-chi decoction exerts hypnotic effect through gut-brain axis modulation in insomnia mice","Qianqian Wang; Boyi Zhang; Zixuan Guo; Jiawei Huang; Yuanyuan Niu; Junhong Huang; Yu Huang; Dandan Guo; Baiyan Wang; Shuying Feng","2025-08-07",196,"Background Insomnia, a frequently encountered sleep disorder, boasts a high prevalence rate on a global scale. Currently, Western medications are widely used for its treatment; however, they may cause adverse effects such as dependence and daytime drowsiness. Traditional Chinese medicine (TCM) offers a safer alternative. Zhi-zi-chi Decoction (ZZCD), composed of Fructus gardeniae and fermented soybean, has shown potential in promoting sleep, but its mechanism remains unclear. Methods A PCPA-induced mice model of insomnia was used to evaluate the therapeutic effects of ZZCD. Behavioral tests, neurotransmitter assays, ELISA for HPA axis and inflammatory markers, 16S rDNA gut microbiota sequencing, and histological analyses of brain and colon tissues were performed. Results ZZCD significantly improved sleep and reduced anxiety-like behavior. It restored GABA and 5-HT levels while lowering GLU and DA, normalized HPA axis activity, reduced inflammatory cytokines, and increased beneficial gut bacteria such as Ligilactobacillus . Histology confirmed neuroprotective and gut barrier-enhancing effects. Conclusion ZZCD alleviates insomnia by modulating the gut-brain axis, rebalancing neurotransmitters, and restoring microbial homeostasis. These findings support its use as a safe and effective treatment for insomnia.",NA,"https://www.frontiersin.org/journals/microbiology/articles/10.3389/fmicb.2025.1645190/pdf",NA,NA,"openalex",TRUE,FALSE,"openalex_zhi-zi-chi_decoction_w4413134081.pdf",4.16,"original"
"W4413255296","Traditional Chinese Medicine Mechanism and Clinical Research on Brain Health Sleep-Aiding Pillow for Encephalopathy and Cervical Spine Rehabilitation","X Ye; Shuqin Yang; Junting Li; Dong Ren; Cheng Huang; Xiaoping Yi","2025-08-07",196,"Objective: Based on the theories of “defensive Qi entering Yin” and “Qi and blood in meridians” in traditional Chinese medicine (TCM), this study explores the synergistic intervention effect of the Brain Health Sleep-Aid Pillow on brain diseases (such as insomnia, vertigo) and cervical spondylosis. The pillow achieves “marrow sea replenishment and unobstructed cerebral collaterals” by regulating cerebral blood perfusion and cervical mechanical balance through linear pulsed magnetic guidance of the Du Meridian and Bladder Meridian. Methods: A total of 120 patients with “neck impediment” and “insomnia” who met the Criteria for Diagnosis and Therapeutic Effect of TCM Syndromes were enrolled. They were randomly divided into an experimental group (60 cases, using Yuxuangong magnetic therapy pillow) and a control group (60 cases, using ordinary buckwheat pillow) by block randomization. The intervention lasted for 8 weeks. The efficacy was comprehensively evaluated using indicators including TCM syndrome scores, tongue and pulse analysis, cervical range of motion assessment, sleep quality (PSQI scale), and transcranial Doppler (TCD) [1]. Results: The total TCM syndrome score in the experimental group decreased significantly more than that in the control group (-4.5 ± 1.2 vs. -2.3 ± 0.8, P &lt; 0.001); The cervical flexion range of motion increased by 15.3°±3.2° (P &lt; 0.01), and the total PSQI score decreased by 6.5 points (P &lt; 0.001); In the experimental group, the vertebral artery blood flow velocity increased by 12.3% (P &lt; 0.05), and the serum IL-6 level decreased by 0.08 pg/mL (P &lt; 0.05) [2]. Conclusion: The Yuxuangong Brain Health Sleep-Aid Pillow provides a modern scientific interpretation of the TCM theory of “defensive Qi entering Yin” through a three-dimensional mechanism of “magnetic field regulating qi and dredging collaterals, and physical mechanical reset”, which has significant clinical transformation value [3].",NA,"https://ojs.bbwpublisher.com/index.php/JCNR/article/download/11582/10049",NA,NA,"openalex",TRUE,FALSE,"openalex_traditional_chine_e__w4413255296.pdf",0.8,"original"
"W4412867457","Efficacy and safety of Chinese medicine compound for the convalescent COVID-19 patients: Protocol of a multi-centered, randomized, double-blinded, placebo-controlled clinical trial (Preprint)","Rui Fang; Wookyeom Yang; Zhou Yue; Lei Zhao; Le Xie; Tian Jiaxuan; Danhong Liu; Zhou Shasha; Zhou Shasha; Qing Chen; Peng Yanmei; Peng Yanmei; Yunhua Luo; Yunhua Luo; Dahua Wu; Jinwen Ge","2025-08-03",200,"ABSTRACT Background: Convalescent coronavirus disease 2019 (COVID-19) refers to a series of clinical syndromes in patients with COVID-19 infection that follow the relevant discharge indications but do not fulfill the criteria for a clinical cure, and these patients are discharged from the hospital with residual multifunctional deficits, including coughing, fatigue, and insomnia. Due to the prolonged convalescent COVID-19 infection, patients continue to experience symptoms or develop new symptoms after three months of infection, and some symptoms persist for over two months without any apparent triggers, which has a significant impact on the health status and quality of life of the population. Patients with convalescent COVID-19 lack a definitive pharmacological treatment. Traditional Chinese medicine (TCM) exhibits a distinct, synergistic effect on the treatment of convalescent COVID-19. However, there exists a limited number of clinical trials on TCM with lower evidence levels in convalescent COVID-19; therefore, randomized trials are urgently required. Methods: A multicenter, randomized, double-blind, placebo-controlled, phase II clinical trial was performed to evaluate the efficacy and safety of Shenlingkangfu (SLKF) granules in treating patients with convalescent COVID-19 and lung-spleen qi deficiency syndrome. Eligible participants were aged 18–75 years, had a confirmed or physician-suspected severe acute respiratory syndrome coronavirus 2 infection at least six months prior, and satisfied clinical criteria. Individuals with a history of severe pulmonary dysfunction or major liver and kidney illness or those on medications were excluded. Multicenter subjects satisfying all criteria were assigned (1:1) randomly into an intervention group and a control group. After a 2-day adjustment period, A total of 154 participants were randomly divided into an intervention group and a control group. The intervention group was given the SLKF granules orally once a bag, 16.9 g, twice daily, whereas the control group received the SLKF granule simulation at the same dosage. The trial was conducted over 14 days, with assessments performed at baseline and 14 days. Results: The primary outcomes were the therapeutic efficacy rate and total clinical symptom score. The secondary outcomes included the fatigue self-assessment scale, pain visual analog scale, Pittsburgh sleep quality index, mini-mental state examination, hospital anxiety and depression scale, TCM syndrome score, C-reactive protein, erythrocyte sedimentation rate, and interleukin-6. Three routine examinations, liver and kidney function tests, and electrocardiography were used as safety indicators. Conclusions: This study aimed to verify whether SLKF granules can significantly improve clinical symptoms, including fatigue, loss of appetite, cough, phlegm, and insomnia, in patients with convalescent COVID-19. For a comprehensive investigation, additional clinical trials with larger sample sizes and longer intervention periods are required.Clinical Trial Registration Center NCT1900024524, Registered on 26 January, 2024.  Citation Please cite as: Fang R, Yang W, Yue Z, Lei Z, Le X, Jiaxuan T, Danhong L, Shasha Z, Shasha Z, Qing C, Yanmei P, Yanmei P, Yunhua L, Yunhua L, Dahua W, Jinwen G Efficacy and safety of Chinese medicine compound for the convalescent COVID-19 patients: Protocol of a multi-centered, randomized, double-blinded, placebo-controlled clinical trial JMIR Preprints. 03/08/2025:81744 DOI: 10.2196/preprints.81744 URL: https://preprints.jmir.org/preprint/81744",NA,NA,NA,NA,"openalex",FALSE,FALSE,NA,NA,NA
"W4413284929","560. COMBINED TRADITIONAL CHINESE AND WESTERN MEDICINE REDUCES DEMENTIA RISK IN INSOMNIA PATIENTS: A REAL-WORLD COHORT STUDY","Y-C Huang; Kao Cy","2025-08-01",202,"Abstract Background Benzodiazepines (BZDs) and Z-drugs are widely prescribed for insomnia, but have been linked to potential cognitive decline, with conflicting evidence regarding their association with dementia risk, particularly in aging populations. In Taiwan, Traditional Chinese Medicine (TCM) is commonly used as a complementary therapy for insomnia and has demonstrated benefits in slowing cognitive decline. However, the impact of combining TCM with Western pharmacotherapy on dementia risk remains unclear. Aims &amp; Objectives This study aimed to evaluate whether the adjunctive use of TCM alongside BZDs and Z-drugs reduces the risk of dementia in patients with insomnia compared to the use of BZDs and Z-drugs alone. Method This retrospective cohort study was conducted using data from the Taiwan National Health Insurance Research Database (NHIRD). This study included 941, 267 patients aged &amp;gt; 45 years who were newly diagnosed with insomnia between 2002 and 2006. Patients were followed from the index date until the diagnosis of dementia, death, or December 31, 2022. To minimize confounding, inverse probability of treatment weighting (IPTW) based on propensity scores was applied. Cox proportional hazard models were used to estimate hazard ratios (HRs) and 95% confidence intervals (CI), adjusting for demographic and clinical variables associated with dementia risk. Results During the follow-up period, 29% of patients were diagnosed with dementia. Compared to non-users, patients receiving combined TCM and Western medicine exhibited a significantly lower risk of dementia (adjusted HR: 0.41, 95% CI: 0.38–0.42), followed by those using Western medicine alone (adjusted HR: 0.63, 95% CI: 0.62–0.64) and those using TCM alone (adjusted HR: 0.70, 95% CI: 0.69–0.71). Subgroup analyses based on the type of hypnotic agent consistently revealed that the risk of dementia was lower among patients using both TCM and Western medicine—whether in combinations of BZDs plus TCM, Z-drugs plus TCM, or BZDs plus Z-drugs plus TCM—compared to those receiving either treatment modality independently. Notably, patients concurrently treated with TCM and benzodiazepines demonstrated the lowest dementia risk, with an HR of 0.44 (95% CI: 0.43–0.45). Discussion &amp; Conclusions This large-scale, real-world cohort study suggests that both TCM and Western pharmacotherapy independently reduce dementia risk in patients with insomnia, with the combined use of TCM and Western medicine offering the most significant protective effects. Importantly, the adjunctive use of TCM did not increase the dementia risk, supporting its potential as a complementary strategy in clinical practice. Future research should focus on elucidating the pharmacological mechanisms underlying this integrative approach and its long-term cognitive benefits.",NA,"https://academic.oup.com/ijnp/article-pdf/28/Supplement_2/ii158/64072347/pyaf052.313.pdf","https://academic.oup.com/ijnp/article-pdf/28/Supplement_2/ii158/64072347/pyaf052.313.pdf",NA,"openalex",FALSE,FALSE,NA,NA,NA
"W4413450005","PREPARATION OF AN EFFECTIVE TRADITIONAL CHINESE MEDICINAL COMPOUND FOR SLEEP-AID SACS IN THE TREATMENT OF INSOMNIA IN OLDER PEOPLE: A DELPHI METHOD STUDY","Xue Feng; Ying Zhou; Cindy Sin U Leong; Jingwen Chen; Xiaofang Zou; CuiYing Miao","2025-07-31",203,"Objective: To establish an expert consensus on an optimal Traditional Chinese Medicine (TCM) compound for use in sleep-aid sacs to treat insomnia in older adults. Methods: A three-round Delphi study was conducted with 12 TCM experts from a Class Three Grade A hospital in Guangzhou, China, from April to July 2021. An initial list of herbs was developed based on a literature review. Experts rated the importance of each herb on a 5-point Likert scale over three successive questionnaire rounds. Statistical analysis, including mean scores, coefficient of variation (CV), and Kendalls W coefficient, was used to assess the concentration and coordination of expert opinions. Conclusion: The Delphi method successfully facilitated a consensus among TCM experts, resulting in a scientifically derived and reliable herbal compound for treating insomnia in older people via sleep-aid sacs. This study provides a validated, non-invasive therapeutic option and a methodological reference for future research in TCM-based quality of life interventions.",NA,NA,"https://doi.org/10.21474/ijar01/21443",NA,"openalex",FALSE,FALSE,NA,NA,NA
"W4412764449","Inappropriate Diet – A Major Cause of Psychological Disorders","Tudor Angela; Magirescu Stefanita; Reghina Patru; Romanian Society of Traditional Chinese Medicine (SRMTC), Târgoviște, Romania; Reghina Patru; Romanian Society of Traditional Chinese Medicine (SRMTC), Târgoviște, Romania","2025-07-30",204,"Emotional imbalances and mental illnesses are continuously increasing and have become one of the plagues of modern society. One of the main contributing factors is the modern diet. The only form of medicine that has precisely described the pathophysiological mechanisms by which the prolonged and excessive consumption of certain types of food can lead to specific diseases is Traditional Chinese Medicine (TCM). Here we report a case where where the use of diet therapy with lifestyle changes acording to TCM principles combined with acupuncture and TCM plant therapy is used for a patient with insomnia and depression. Implementation of the lifestyle and dietary prescriptin was done from week one of treatment, the patient proved very receptive to them. Acupuncture was administered for 10 consecutive days, TCM herbal therpy was initiated from day one of treatment and continued for the next three months. Condition gradually improved over three months while following the prescribed lifestyle discipline, sleep improved signifficantly from week one of treatment, ans so did the depression along with associated symptoms. In conclusion diet can be a major determinant in mental illnesses, advising the patient on lifestyle discipline is an important part of treatment, reatment as a whole must be individualized and adapted, including consideration of the season in which it is applied.",NA,NA,NA,NA,"openalex",FALSE,FALSE,NA,NA,NA
